Email,CityName,LastName,FirstName
nolan_nulla@yahoo.com,Prosacco land,Denesik,Helga
evangeline_quae@yahoo.com,South Colton Roob side,Balistreri,Donna
raymond_expedita@yahoo.com,New Afton Lehner ville,Koelpin,Thurman
jermey_provident@hotmail.com,Kessler shire,Hayes,Isabella
tabitha_aut@gmail.com,Haley stad,Blanda,Cameron
noah_eius@yahoo.com,Daugherty borough,Waters,Tyreek
brett_doloribus@yahoo.com,Heidenreich furt,Bailey,Adelle
rahsaan_sapiente@hotmail.com,West Agnes Waelchi berg,Ebert,Shaun
opal_placeat@hotmail.com,Gibson burgh,Hintz,Karlee
shirley_alias@hotmail.com,Gerhold bury,Senger,Ulises
granville_quod@yahoo.com,Hessel ville,Huel,Melany
nestor_suscipit@gmail.com,Kohler bury,Waters,Verner
paris_similique@yahoo.com,Moore side,Ryan,Josie
delphia_ea@hotmail.com,Gutmann bury,Reinger,Linnea
donna_aut@hotmail.com,Waelchi port,Terry,Hubert
kailey_et@yahoo.com,Stoltenberg side,Hudson,Meghan
immanuel_facilis@hotmail.com,South Brielle Lebsack furt,Kuhlman,Gerhard
leonor_sint@hotmail.com,Leffler mouth,Mitchell,Laurianne
rudy_et@hotmail.com,Torphy town,Braun,Maybell
vince_ut@hotmail.com,Gleichner furt,Wisoky,Wilbert
lucienne_repudiandae@yahoo.com,Santino mouth,Batz,Natasha
addison_perferendis@gmail.com,Port Newton Hickle land,Collier,Cleve
constance_blanditiis@yahoo.com,West Kristin Terry town,Heathcote,Luisa
layne_totam@hotmail.com,Kunze stad,Wilderman,Jayde
jacynthe_nemo@yahoo.com,Borer town,Williamson,Rylee
angie_quia@gmail.com,Willis stad,Pfeffer,Jett
abdiel_neque@hotmail.com,Lavada fort,Kutch,Miracle
antone_ducimus@hotmail.com,Port Viva McDermott shire,Conroy,Bart
milton_ut@gmail.com,Eve bury,Denesik,Danial
jayda_illo@hotmail.com,Lake Hildegard Kassulke bury,Dibbert,Antwan
alexandro@hotmail.com,Herzog borough,Fadel,Reece
bradley_velit@gmail.com,Lake Titus Cremin bury,Bernier,Harley
kiara_quod@gmail.com,Harvey ton,Quitzon,Carter
nicole_maxime@yahoo.com,Feeney haven,Eichmann,Lola
justus_minima@gmail.com,North Olen Shanahan stad,Schamberger,Arvilla
jay_esse@gmail.com,Denesik chester,Hessel,Rosalyn
eve_eos@hotmail.com,Rice land,Kozey,Rahsaan
jabari_tempora@gmail.com,Doyle burgh,Doyle,Jack
camren_consequatur@gmail.com,West Audreanne Zieme mouth,Nader,Uriah
noemi_laborum@yahoo.com,Murphy bury,Hammes,Quinten
moshe_et@hotmail.com,Mayert side,Nienow,Estell
bonita_harum@hotmail.com,Beer town,Feil,Keara
nathaniel_sed@yahoo.com,Beahan side,Crist,Ally
lucious_harum@yahoo.com,Dicki furt,Adams,Jana
tanner_voluptates@yahoo.com,South Garrick Ortiz furt,Walsh,Gerard
athena_voluptas@gmail.com,South Jaquelin Kozey side,Hilpert,Lacey
leora_quibusdam@hotmail.com,New Ozella King mouth,Pfannerstill,Willard
lupe_beatae@yahoo.com,Stokes borough,Cole,Magnolia
santina_accusamus@yahoo.com,Hirthe port,Terry,Perry
vilma_voluptatem@gmail.com,Bahringer burgh,Schuppe,Anastacio
naomie_minus@gmail.com,Wilton burgh,Muller,Foster
edmund_expedita@hotmail.com,Green furt,Corwin,Louie
chaim_ut@hotmail.com,Jakubowski shire,Ward,Oda
yasmin_eveniet@hotmail.com,Bogan chester,Block,Domenico
ray_et@gmail.com,Ward side,Kirlin,Kendrick
dane_dolores@hotmail.com,Purdy ton,Harris,Opal
micah_non@hotmail.com,McClure furt,Pollich,Reinhold
ines_similique@gmail.com,Kaitlyn ville,Hammes,Shirley
burdette_eaque@yahoo.com,McGlynn port,Greenholt,Amy
kariane_cum@hotmail.com,Lueilwitz chester,Hirthe,Blaze
norbert_sit@yahoo.com,Volkman burgh,Schinner,Lucile
fermin_est@yahoo.com,Crist burgh,Runte,Jayce
cole_impedit@hotmail.com,Spencer town,Wilderman,Dexter
astrid_reprehenderit@gmail.com,Hamill bury,Herman,Carmela
enrique_consectetur@hotmail.com,Laverne borough,Wisozk,Donnie
ariane_dignissimos@gmail.com,Senger borough,White,Mitchel
granville_sunt@hotmail.com,South Mittie Pfeffer mouth,Cole,Deontae
aron_vero@hotmail.com,Isac mouth,Schamberger,Simone
walker_sit@yahoo.com,South Lucinda Gislason berg,Rempel,Lucas
abelardo_consequatur@yahoo.com,Hansen side,Hickle,Hallie
jaden_ut@hotmail.com,Kemmer land,Thiel,Rita
alek_repellendus@gmail.com,West Elaina Lemke town,Lehner,Berniece
robbie_veniam@yahoo.com,Emanuel borough,Bartoletti,Jayson
geoffrey_ratione@yahoo.com,Padberg view,Steuber,Jordon
margie_eveniet@yahoo.com,Corwin burgh,Parisian,Clay
elsie_et@yahoo.com,Toy shire,Jenkins,Gordon
eden_eos@yahoo.com,Krystina mouth,O'Keefe,Isabell
cleta_enim@yahoo.com,Miller ton,Howell,Laron
logan_tempore@hotmail.com,Hilll town,Glover,Bryce
rasheed_aperiam@hotmail.com,Huels ville,VonRueden,Shyann
josiah_harum@gmail.com,Ignatius town,Casper,Mckenna
cathryn_error@yahoo.com,North Trever Weissnat side,Weimann,Enola
octavia_sit@hotmail.com,Port Keenan Conroy ton,Bailey,Gennaro
edna_quia@yahoo.com,South Julius Schroeder haven,Lind,Jules
dwight_animi@gmail.com,Mya port,Greenholt,Name
erling_sint@gmail.com,Prohaska berg,Dooley,Mikayla
napoleon_eum@hotmail.com,Hettie mouth,Cummings,Katheryn
stanley_sunt@gmail.com,Parisian ton,Satterfield,Camilla
lauren_expedita@yahoo.com,Skiles ville,Auer,Anais
lindsay_modi@gmail.com,Keebler ton,Erdman,Armani
melyna_veritatis@yahoo.com,Frami fort,Dickens,Matteo
america_sapiente@hotmail.com,Lake Enos Langosh port,Raynor,Pasquale
rhiannon_impedit@hotmail.com,Max port,Wintheiser,Kristopher
reba_dolores@hotmail.com,Elisha shire,Adams,Emery
jose_sit@hotmail.com,Bode chester,Powlowski,Samir
ronaldo_illum@gmail.com,Tressa borough,Morar,Elda
arianna_illo@hotmail.com,Kris bury,Lang,Aida
celestino_dolore@yahoo.com,East Vincenzo Heidenreich land,Metz,Donald
jaylin_voluptas@hotmail.com,Gennaro view,Aufderhar,Marques
gardner_aut@gmail.com,Keebler land,Smitham,Lindsay
